RequirementCluster,Persona1,Req1,Persona2,Req2,ConflictType,Note
accessibility,P-003: John Williams,"P-003-FR-004: The system shall provide clear and accessible information regarding data practices, including how user data is collected, stored, and shared, to promote transparency and build user trust.",P-005: Olivia the Older Person,"P-005-NFR-001: The system shall provide an intuitive and user-friendly interface that accommodates older adults with varying technical abilities, ensuring ease of navigation and interaction.",Transparency vs. Usability,"The requirement for transparency in data practices may complicate usability, as detailed explanations could overwhelm users who require simplicity."
accessibility,P-006: Sarah Thompson,"P-006-NFR-001: The system shall provide a simple and intuitive user interface that allows older adults to navigate the platform easily, reducing cognitive load and enhancing user experience.",P-004: Mike Johnson,"P-004-NFR-002: The system shall be designed to accommodate varying levels of technical ability among older adults, ensuring that all features are accessible to users with physical and cognitive impairments.",Cognitive Load vs. Accessibility,"While both requirements aim for accessibility, the focus on reducing cognitive load in one may lead to simplified interfaces that do not fully accommodate users with physical and cognitive impairments."
adaptability,P-003: John Williams,P-003-FR-005: The system shall implement a mechanism that allows compliance settings to override user or developer preferences where necessary to ensure regulatory compliance.,P-005: Olivia the Older Person,"P-005-NFR-001: The system shall provide an intuitive and user-friendly interface that accommodates older adults with varying technical abilities, ensuring ease of navigation and interaction.",Security vs. Simplicity,"Requirement P-003-FR-005 prioritizes compliance mechanisms that may complicate user interactions, potentially conflicting with the simplicity required for older adults as described in P-005-NFR-001."
cognitive_support,P-001: Daniel Chen,"P-001-FR-001: The system shall provide voice-activated reminders for users to take their medications and check their health metrics, ensuring clarity and simplicity in communication.",P-007: Thomas Schmidt,"P-007-FR-001: The system shall provide users with daily health reminders for medication and health check-ins using simple voice commands, ensuring clarity and ease of understanding.",Functionality overlap,"Both requirements provide health reminders, but P-007-FR-001 encompasses daily check-ins which P-001-FR-001 does not."
cognitive_support,P-005: Olivia the Older Person,"P-005-FR-003: The system shall provide users with gentle reminders for engaging brain exercises and memory games tailored to their preferences, promoting cognitive activity.",P-007: Thomas Schmidt,"P-007-FR-003: The system shall send gentle reminders for daily tasks, appointments, and engaging brain exercises tailored to the user's preferences, enhancing cognitive functioning without overwhelming them.",Assumptions about user capability,"P-005-FR-003 is strictly focused on cognitive activities, while P-007-FR-003 assumes a wider range of tasks, possibly overwhelming users who may struggle with multi-tasking."
cognitive_support,P-006: Sarah Thompson,"P-006-FR-004: The system shall allow users to schedule virtual gatherings using simple voice commands, facilitating social connections among clients without overwhelming them with technology.",P-007: Thomas Schmidt,"P-007-FR-005: The system shall allow users to set personal activity goals and receive periodic summaries of their physical activity levels, ensuring they can track their progress without daily prompts.",Interaction modality differences,"P-006-FR-004 assumes a voice command interaction for scheduling, while P-007-FR-005 may not specify how notifications are delivered, potentially causing confusion for less tech-savvy users."
communication,P-001: Daniel Chen,"P-001-FR-002: The system shall include a caregiver dashboard that allows caregivers to monitor user adherence to health regimens, highlighting any missed medications or abnormal health readings.",P-006: Sarah Thompson,"P-006-FR-003: The system shall provide a secure communication channel for caregivers to communicate with clients' family members and healthcare professionals, ensuring data privacy and security.",Data Privacy vs. Functionality,"While the caregiver dashboard focuses on monitoring health regimens, the secure communication channel emphasizes data privacy and security, potentially causing tension in how much data can be shared and accessed."
data_privacy,P-005: Olivia the Older Person,"P-005-NFR-002: The system shall ensure that all user data is securely stored and processed in compliance with privacy regulations, providing users with control over their personal information.",P-003: John Williams,P-003-FR-005: The system shall implement a mechanism that allows compliance settings to override user or developer preferences where necessary to ensure regulatory compliance.,User Control vs. Compliance Override,"The first requirement emphasizes user control over personal information, while the second allows compliance settings to override user preferences, leading to a conflict between user autonomy and regulatory adherence."
event_management,P-001: Daniel Chen,"P-001-FR-004: The system shall allow users to schedule health check reminders through voice commands, ensuring that the process is straightforward and accessible.",P-005: Olivia the Older Person,"P-005-FR-004: The system shall allow users to discover local events such as book clubs and exercise classes, encouraging social participation tailored for older adults.",Functionality Overlap,"The health check reminders focus on personal health management, while the local event discovery emphasizes social engagement, potentially causing confusion regarding priority."
event_management,P-002: Elena Rivera,"P-002-FR-002: The system shall allow users to schedule virtual gatherings using simple voice commands, streamlining the process for users like Elena who may feel overwhelmed by technology.",P-004: Mike Johnson,"P-004-FR-002: The system shall enable users to schedule virtual gatherings using simple voice commands, ensuring ease of use for older adults who may struggle with complex technology.",Interaction Modality Differences,"Both requirements utilize voice commands but may assume different levels of user comfort with technology, leading to potential mismatches in user experience."
health_support,P-002: Elena Rivera,"P-002-FR-001: The system shall provide voice-activated reminders for medication times tailored to Elena's schedule, ensuring simplicity and clarity in instructions.",P-002: Elena Rivera,"P-002-FR-003: The system shall provide a caregiver dashboard that allows caregivers to monitor medication adherence and health readings, ensuring they can offer appropriate support.",Functionality overlap,"Both requirements address reminders but from different perspectives; one focuses on the user while the other emphasizes caregiver support, potentially leading to user confusion about accountability."
health_support,P-005: Olivia the Older Person,"P-005-FR-001: The system shall allow users to set and receive daily health reminders via simple voice commands, ensuring users understand the instructions without feeling overwhelmed.",P-006: Sarah Thompson,"P-006-FR-002: The system shall enable users to schedule and receive health reminders through voice commands, ensuring that users with varying levels of technology comfort can interact easily with the platform.",Interaction modality differences,"The first requirement assumes a straightforward interaction, while the second emphasizes accommodating varying levels of tech comfort, leading to potential mismatches in user expectations."
health_support,P-001: Daniel Chen,"P-001-FR-002: The system shall include a caregiver dashboard that allows caregivers to monitor user adherence to health regimens, highlighting any missed medications or abnormal health readings.",P-004: Mike Johnson,"P-004-FR-001: The system shall provide a caregiver dashboard that allows healthcare providers like Mike Johnson to monitor patients' health data, including medication adherence and vital signs, with visual indicators for missed medications or abnormal readings.",Assumptions about user capability,"The caregiver dashboard requirements differ in terms of the audience's understanding of health data, which could create challenges in effective communication and usability."
health_support,P-005: Olivia the Older Person,P-005-FR-005: The system shall allow users to set personalized daily walking goals and provide motivational reminders tailored to their recovery needs.,P-007: Thomas Schmidt,"P-007-FR-005: The system shall allow users to set personal activity goals and receive periodic summaries of their physical activity levels, ensuring they can track their progress without daily prompts.",Personalization vs. consistency conflicts,"While both requirements focus on activity tracking, one emphasizes personalized goals while the other suggests periodic summaries, potentially leading to inconsistency in user experience."
personalization,P-002: Elena Rivera,"P-002-FR-004: The system shall enable users to set personalized health check reminders, with notifications sent to both the user and designated caregivers to enhance support and adherence.",P-005: Olivia the Older Person,P-005-FR-005: The system shall allow users to set personalized daily walking goals and provide motivational reminders tailored to their recovery needs.,Functionality overlap,"Both requirements address reminders, but P-002-FR-004 focuses on health check reminders, while P-005-FR-005 is about daily walking goals, potentially causing confusion about the priority of reminders for users."
personalization,P-004: Mike Johnson,"P-004-FR-003: The system shall recommend local events and activities tailored for older adults based on user preferences and health status, facilitating community engagement and reducing feelings of isolation.",P-005: Olivia the Older Person,"P-005-FR-004: The system shall allow users to discover local events such as book clubs and exercise classes, encouraging social participation tailored for older adults.",Interaction modality differences,"While both requirements cater to older adults, P-004-FR-003 may involve more digital interactions for recommendations, whereas P-005-FR-004 may prioritize physical engagement with events, leading to potential inconsistency in user experience."
privacy_controls,P-004: Mike Johnson,"P-004-NFR-001: The system shall comply with data privacy regulations to ensure that all user data is handled securely, providing users with control over their information and how it is shared.",P-006: Sarah Thompson,"P-006-FR-003: The system shall provide a secure communication channel for caregivers to communicate with clients' family members and healthcare professionals, ensuring data privacy and security.",Security vs. Simplicity,"P-004-NFR-001 emphasizes strict compliance with data privacy regulations which may require complicated security measures, whereas P-006-FR-003 focuses on a simple, secure communication channel that might not fully address all compliance needs."
reliability,P-001: Daniel Chen,P-001-NFR-002: The system shall comply with healthcare regulations such as HIPAA and GDPR to ensure the security and privacy of user data.,P-005: Olivia the Older Person,"P-005-NFR-002: The system shall ensure that all user data is securely stored and processed in compliance with privacy regulations, providing users with control over their personal information.",Security vs. Simplicity,The requirement for strict compliance (P-001) may introduce complexities that could hinder user interaction and control over personal data as outlined in P-005.
reliability,P-002: Elena Rivera,"P-002-NFR-002: The system shall ensure that all user data, including health information and personal interactions, are stored securely and comply with relevant privacy regulations.",P-004: Mike Johnson,N/A,Functionality Overlap,"The emphasis on system performance during peak times (P-002) may conflict with delivering reliable offline functionality (P-004), particularly in scenarios where users need access to data without internet connectivity."
security,P-001: Daniel Chen,P-001-NFR-002: The system shall comply with healthcare regulations such as HIPAA and GDPR to ensure the security and privacy of user data.,P-005: Olivia the Older Person,"P-005-NFR-002: The system shall ensure that all user data is securely stored and processed in compliance with privacy regulations, providing users with control over their personal information.",Compliance vs. User Control,"The compliance officer's perspective prioritizes regulatory adherence, which could conflict with user control preferences highlighted in the user advocate's requirement."
security,P-002: Elena Rivera,"P-002-NFR-002: The system shall ensure that all user data, including health information and personal interactions, are stored securely and comply with relevant privacy regulations.",P-004: Mike Johnson,"P-004-NFR-001: The system shall comply with data privacy regulations to ensure that all user data is handled securely, providing users with control over their information and how it is shared.",Functionality Overlap,"Both requirements address data security and privacy, but they differ in focus; one emphasizes secure storage while the other emphasizes user control, leading to potential overlaps in implementation."
security,P-003: John Williams,P-003-FR-005: The system shall implement a mechanism that allows compliance settings to override user or developer preferences where necessary to ensure regulatory compliance.,P-006: Sarah Thompson,P-006-NFR-002: The system shall comply with relevant data privacy regulations to ensure the protection of clients' sensitive health information and maintain their trust.,User Preference vs. Compliance,"The developer may prioritize user preferences in compliance settings, while the compliance officer's requirement for overriding these preferences could lead to a conflict in implementation priorities."
usability,P-001: Daniel Chen,"P-001-NFR-001: The system shall provide a user-friendly interface that accommodates varying levels of technical literacy among older adults, ensuring ease of navigation and interaction.",P-007: Thomas Schmidt,"P-007-NFR-001: The system shall feature a well-designed user interface that is intuitive and easy to navigate for older adults with varying technical abilities, ensuring a positive user experience.",Personalization vs. Consistency,"One requirement emphasizes a user-friendly interface for older adults while the other focuses on a well-designed interface, leading to potential conflicts over personal preferences versus standard design principles."
usability,P-006: Sarah Thompson,"P-006-FR-004: The system shall allow users to schedule virtual gatherings using simple voice commands, facilitating social connections among clients without overwhelming them with technology.",P-005: Olivia the Older Person,"P-005-FR-002: The system shall enable users to schedule virtual gatherings with friends or family using voice commands, simplifying the process for users who may struggle with technology.",Functionality Overlap,"Both requirements address scheduling virtual gatherings but may imply different implementations, leading to confusion about the expected functionality."
user_interaction,P-003: John Williams,"P-003-FR-001: The system shall allow users to customize their privacy settings, enabling them to control what personal information and health data is shared with caregivers and how it is utilized.",P-003: John Williams,P-003-FR-002: The system shall provide an interface that allows compliance officers to review and approve privacy settings and system architecture changes to ensure adherence to legal standards.,Privacy vs. Compliance,"The user wants control over their privacy settings, while the compliance review interface requires oversight and approval of those settings, potentially limiting user autonomy."
user_interaction,P-005: Olivia the Older Person,P-005-FR-005: The system shall allow users to set personalized daily walking goals and provide motivational reminders tailored to their recovery needs.,P-007: Thomas Schmidt,"P-007-FR-005: The system shall allow users to set personal activity goals and receive periodic summaries of their physical activity levels, ensuring they can track their progress without daily prompts.",Personalization vs. Consistency,"The personalized daily walking goals may conflict with the need for consistency in tracking physical activity levels, leading to potential confusion or overlapping goals."
