PersonaA,PersonaB,ConflictType,Req1,Req2,Note,Req1_Title,Req1_Summary,Req2_Title,Req2_Summary
P-001,P-002,Functional,US-016,US-047,"Integrating fitness tracking wearables may require users to engage with technology in a more complex way, while the gentle stretching and mobility guidance seeks to avoid overwhelming older adults with technology. This creates a conflict in how the system supports physical health management without causing anxiety or confusion.",Integration with Fitness Tracking Wearables,"As a full-stack developer creating healthcare applications, I want to seamlessly integrate fitness tracking wearables with the ALFRED system so that elderly users can monitor their physical activity and receive timely alerts for their caregivers, enhancing their overall health management.",Gentle Stretching and Mobility Guidance,"As a tech-curious older adult, I want guided gentle stretching and mobility exercises so that I can maintain my physical health and manage my joint pain effectively without feeling overwhelmed by technology."
P-001,P-005,Data Access,US-016,US-119,"The integration of fitness tracking wearables (US-016) may require constant data access and monitoring of physical activity levels, which could conflict with the desire for customizable activity difficulty (US-119) that allows users to engage at their own pace without feeling overwhelmed. This could lead to a situation where the system's monitoring capabilities may pressure users to perform at higher levels than they are comfortable with.",Integration with Fitness Tracking Wearables,"As a full-stack developer creating healthcare applications, I want to seamlessly integrate fitness tracking wearables with the ALFRED system so that elderly users can monitor their physical activity and receive timely alerts for their caregivers, enhancing their overall health management.",Customizable Activity Difficulty,"As a retired social worker, I want to have adjustable difficulty levels for cognitive and physical activities so that I can engage in challenges that suit my current abilities without feeling overwhelmed or discouraged."
P-001,P-005,Functional,US-016,US-120,"The fitness tracking integration (US-016) may focus on performance metrics and activity levels, while reminders for daily activities (US-120) are aimed at managing basic health needs. If the system prioritizes performance data from wearables, it might neglect the simpler, essential reminders for hydration and nutrition that are crucial for users managing health conditions such as arthritis.",Integration with Fitness Tracking Wearables,"As a full-stack developer creating healthcare applications, I want to seamlessly integrate fitness tracking wearables with the ALFRED system so that elderly users can monitor their physical activity and receive timely alerts for their caregivers, enhancing their overall health management.",Reminders for Daily Activities – Check-Ins for Hydration and Nutrition,"As a retired social worker, I want ALFRED to remind me to hydrate and eat regularly so that I can maintain my physical health while managing my arthritis pain and busy schedule."
P-001,P-007,Functional,US-016,US-170,"Integration with fitness tracking wearables (US-016) requires monitoring the user's activity and health data, which conflicts with the desire for engaging memory games (US-170) that support cognitive abilities without feeling monitored.",Integration with Fitness Tracking Wearables,"As a full-stack developer creating healthcare applications, I want to seamlessly integrate fitness tracking wearables with the ALFRED system so that elderly users can monitor their physical activity and receive timely alerts for their caregivers, enhancing their overall health management.",Cognitive Engagement Activities – Memory Games for Cognitive Stimulation,"As an active retiree with early-stage cognitive concerns, I want engaging memory games that challenge my brain so that I can maintain my cognitive abilities while feeling supported without being monitored."
P-001,P-007,Functional,US-016,US-171,"The integration of fitness tracking wearables (US-016) implies oversight and potential data sharing with caregivers, which contradicts the request for mobility exercises (US-171) that should not involve monitoring.",Integration with Fitness Tracking Wearables,"As a full-stack developer creating healthcare applications, I want to seamlessly integrate fitness tracking wearables with the ALFRED system so that elderly users can monitor their physical activity and receive timely alerts for their caregivers, enhancing their overall health management.",Gentle Stretching and Mobility Exercises for Cognitive Support,"As an active retiree with early-stage cognitive concerns, I want gentle stretching and mobility exercises integrated into ALFRED so that I can maintain my cognitive abilities and continue my active lifestyle without feeling monitored."
P-001,P-007,Functional,US-016,US-172,"Integrating fitness tracking wearables (US-016) suggests continuous observation and data collection, conflicting with the desire for cognitive fitness challenges (US-172) that allow for empowerment without monitoring.",Integration with Fitness Tracking Wearables,"As a full-stack developer creating healthcare applications, I want to seamlessly integrate fitness tracking wearables with the ALFRED system so that elderly users can monitor their physical activity and receive timely alerts for their caregivers, enhancing their overall health management.",Cognitive Fitness Challenges,"As an active retiree with early-stage cognitive concerns, I want engaging cognitive stimulation games that adapt to my skill level so that I can maintain my cognitive abilities while feeling empowered and not monitored."
P-001,P-007,Functional,US-016,US-173,The requirement for integrating fitness tracking wearables (US-016) implies a level of monitoring that clashes with the need for personalized cognitive activity reminders (US-173) that should feel non-intrusive.,Integration with Fitness Tracking Wearables,"As a full-stack developer creating healthcare applications, I want to seamlessly integrate fitness tracking wearables with the ALFRED system so that elderly users can monitor their physical activity and receive timely alerts for their caregivers, enhancing their overall health management.",Cognitive Activity Reminders,"As an active retiree with early-stage cognitive concerns, I want personalized reminders for cognitive stimulation activities so that I can maintain my mental sharpness without feeling monitored."
P-001,P-007,Functional,US-016,US-174,The integration of fitness wearables (US-016) may involve user data sharing that contradicts the desire for local activity suggestions (US-174) that should not make users feel monitored.,Integration with Fitness Tracking Wearables,"As a full-stack developer creating healthcare applications, I want to seamlessly integrate fitness tracking wearables with the ALFRED system so that elderly users can monitor their physical activity and receive timely alerts for their caregivers, enhancing their overall health management.",Community Engagement Initiatives – Local Activity and Class Suggestions,"As an active retiree with early-stage cognitive concerns, I want ALFRED to suggest local activities and classes based on my interests so that I can stay engaged in my community and maintain my cognitive abilities without feeling monitored."
P-001,P-007,Functional,US-016,US-175,"The integration of fitness tracking wearables (US-016) focuses on data collection, which clashes with accessing guided meditation tools (US-175) that should promote cognitive health without a sense of being monitored.",Integration with Fitness Tracking Wearables,"As a full-stack developer creating healthcare applications, I want to seamlessly integrate fitness tracking wearables with the ALFRED system so that elderly users can monitor their physical activity and receive timely alerts for their caregivers, enhancing their overall health management.",Mindfulness and Relaxation Tools - Guided Meditation for Cognitive Health,"As an active retiree with early-stage cognitive concerns, I want access to guided meditation tools so that I can improve my cognitive abilities and maintain a sense of calm without feeling monitored."
P-001,P-007,Functional,US-016,US-176,"The requirement for integrating fitness wearables (US-016) necessitates tracking user data, which conflicts with the desire for personalized progress tracking (US-176) that should empower users without the sense of being monitored.",Integration with Fitness Tracking Wearables,"As a full-stack developer creating healthcare applications, I want to seamlessly integrate fitness tracking wearables with the ALFRED system so that elderly users can monitor their physical activity and receive timely alerts for their caregivers, enhancing their overall health management.",Personalized Progress Tracking – Goal-Setting for Cognitive and Physical Achievements,"As an active retiree with early-stage cognitive concerns, I want a way to set and track my cognitive and physical achievements so that I can maintain my mental sharpness and active lifestyle while feeling empowered and not monitored."
P-002,P-007,Ethical,US-047,US-171,"Persona A's focus on guided stretching exercises may involve a level of monitoring to ensure safety and effectiveness, which conflicts with Persona B's desire for activities that allow them to maintain their independence without feeling monitored.",Gentle Stretching and Mobility Guidance,"As a tech-curious older adult, I want guided gentle stretching and mobility exercises so that I can maintain my physical health and manage my joint pain effectively without feeling overwhelmed by technology.",Gentle Stretching and Mobility Exercises for Cognitive Support,"As an active retiree with early-stage cognitive concerns, I want gentle stretching and mobility exercises integrated into ALFRED so that I can maintain my cognitive abilities and continue my active lifestyle without feeling monitored."
P-002,P-007,Ethical,US-051,US-176,"Persona A's need for personalized progress tracking may imply a more structured monitoring system, which contrasts with Persona B's preference for autonomy and not feeling monitored while tracking personal achievements.",Personalized Progress Tracking – Activity Logs for Cognitive and Physical Exercises,"As a tech-curious older adult with mild mobility issues, I want to track my physical and cognitive activities so that I can stay motivated and see my progress over time.",Personalized Progress Tracking – Goal-Setting for Cognitive and Physical Achievements,"As an active retiree with early-stage cognitive concerns, I want a way to set and track my cognitive and physical achievements so that I can maintain my mental sharpness and active lifestyle while feeling empowered and not monitored."
P-005,P-007,Functional,US-120,US-173,"Persona A's request for reminders to hydrate and eat regularly implies a level of monitoring and proactive support, while Persona B wants personalized reminders without feeling monitored, creating a conflict in how reminders are perceived and delivered.",Reminders for Daily Activities – Check-Ins for Hydration and Nutrition,"As a retired social worker, I want ALFRED to remind me to hydrate and eat regularly so that I can maintain my physical health while managing my arthritis pain and busy schedule.",Cognitive Activity Reminders,"As an active retiree with early-stage cognitive concerns, I want personalized reminders for cognitive stimulation activities so that I can maintain my mental sharpness without feeling monitored."
